id,group_name,addr_pool
1,"w6中国电信","2001:c68::/32,2400:9380::/32,2402:8800::/32,240e::/21,240e:800::/24,240e:900::/27,240e:920::/28,240e:930::/29,240e:938::/30,240e:93c::/32,240e:93d::/36,240e:93d:1001::/48,240e:93d:1002::/47,240e:93d:1004::/46,240e:93d:1008::/45,240e:93d:1010::/44,240e:93d:1020::/43,240e:93d:1040::/42,240e:93d:1080::/41,240e:93d:1100::/40,240e:93d:1200::/39,240e:93d:1400::/38,240e:93d:1800::/37,240e:93d:2000::/35,240e:93d:4000::/34,240e:93d:8000::/33,240e:93e::/31,240e:940::/26,240e:980::/25,240e:a00::/23,240e:c00::/22,240e:1000::/20,240e:2000::/19,2605:9d80::/32,2804:1e48::/32,2a04:f580::/29,2c0f:f7a8::/29"
2,"w6中国联通","2001:e18::/32,2001:e88::/32,2401:8a00::/32,2408:8000::/20"
3,"w6中国移动","2001:e08::/32,2001:e80::/32,2401:3000::/32,2402:4f00::/32,2409:8000::/25,2409:8080::/29,2409:8088::/32,2409:808a::/31,2409:808c::/30,2409:8090::/28,2409:80a0::/27,2409:80c0::/26,2409:8100::/24,2409:8200::/23,2409:8400::/22,2409:8800::/21,240a:8000::/21"
4,"w6中国鹏博士","2403:7d80::/32,2403:7f80::/32,2403:8080::/32,2403:8180::/32,2403:8280::/32,2403:8380::/32,2403:8480::/32,2403:8580::/32,2403:8980::/32,2403:8c80::/32,2403:8d80::/32,2403:9080::/32,2403:9180::/32,2403:9280::/32,2403:9380::/32,2403:9480::/32,2403:9580::/32,2403:9680::/32,2403:9780::/32,2403:9880::/32,2403:9a80::/32,2403:9b80::/32,2403:9c80::/32,2403:9d80::/32,2403:9e80::/32,2403:a480::/32,2403:a580::/32,2403:a680::/32,2403:a780::/32,2403:a980::/32,2403:aa80::/32,2403:ab80::/32,2403:b980::/32,2403:cf80::/32,2403:d280::/32,2403:d380::/32,2403:d480::/32,2403:d980::/32,2403:da80::/32,2403:db80::/32,2403:dc80::/32,2403:dd80::/32,2403:de80::/32,2403:df80::/32,2403:e080::/32,2403:e180::/32,2403:e280::/32,2403:e480::/32,2403:e580::/32,2403:e680::/32,2403:e780::/32,2403:e880::/32,2403:e980::/32,2403:ea80::/32,2403:eb80::/32,2403:ec80::/32,2403:ed80::/32,2403:ee80::/32,2403:ef80::/32,2403:f080::/32,2403:f180::/32,2403:f280::/32,2403:f380::/32,2403:f800::/32,2403:fe80::/32,2403:ff80::/32,2404:1cc0::/32,2407:d780::/32,2407:d880::/32,2407:d980::/32,2407:da80::/32,2407:de80::/32,2407:df80::/32,2407:e080::/32,2407:e180::/32,2407:e280::/32,2407:e380::/32,2407:e480::/32,2407:e580::/32,2407:e680::/32,2407:e780::/32,2407:ed80::/32,2407:ee80::/32,2407:f080::/32,2407:f180::/32,2407:f280::/32,2407:f380::/32,2407:f480::/32,2407:f580::/32,2407:f680::/32,2407:f780::/32,2407:f880::/32,2407:f980::/32,2407:fa80::/32,2407:fb80::/32,2407:fc80::/32,2407:fd80::/32"
5,"w6安徽电信","240e:6::/32,240e:21:8000::/34,240e:29:8000::/34,240e:46::/32,240e:68:c000::/35,240e:98::/30,240e:105:8000::/34,240e:108:87::/48,240e:108:1150::/48,240e:145:8000::/34,240e:185:8000::/34,240e:1c5:8000::/34,240e:258::/30,240e:360::/29,240e:458::/30,240e:558::/30,240e:660::/29,240e:760::/29,240e:858::/30,240e:958::/30,240e:980:8700::/40,240e:982:5000::/40,240e:a58::/30,240e:b60::/29"
6,"w6澳门电信","2400:9380:90c0::/44"
7,"w6北京电信","240e:0:8000::/33,240e:20:2000::/35,240e:28:2000::/35,240e:40:14::/48,240e:40:8000::/33,240e:68::/36,240e:82::/31,240e:100:4000::/34,240e:108::/44,240e:108:20::/48,240e:108:40::/48,240e:108:49::/48,240e:108:80::/48,240e:108:1000::/44,240e:109:8000::/44,240e:140:4000::/34,240e:180:4000::/34,240e:1c0:4000::/34,240e:204::/30,240e:304::/30,240e:404::/30,240e:504::/30,240e:604::/30,240e:698::/36,240e:704::/30,240e:804::/30,240e:904::/30,240e:980::/36,240e:980:2000::/40,240e:980:4000::/40,240e:980:4900::/40,240e:980:8000::/40,240e:981::/36,240e:a04::/30,240e:b04::/30"
8,"w6福建电信","240e:14::/31,240e:25::/33,240e:2d::/33,240e:54::/31,240e:6a:8000::/34,240e:d0::/29,240e:106:4000::/34,240e:108:27::/48,240e:108:28::/48,240e:108:4b::/48,240e:108:85::/48,240e:108:1180::/46,240e:109:8027::/48,240e:109:8028::/48,240e:109:804b::/48,240e:146:4000::/34,240e:186:4000::/34,240e:1c6:4000::/34,240e:264::/30,240e:378::/29,240e:464::/30,240e:564::/30,240e:678::/29,240e:698:2700::/40,240e:698:2800::/40,240e:698:4b00::/40,240e:778::/29,240e:864::/30,240e:964::/30,240e:980:2700::/40,240e:980:2800::/40,240e:980:4b00::/40,240e:980:8500::/40,240e:982:8000::/38,240e:a64::/30,240e:b78::/29"
9,"w6甘肃电信","240e:8::/32,240e:22::/34,240e:2a::/34,240e:48::/32,240e:69::/35,240e:a0::/30,240e:103:4000::/34,240e:108:92::/48,240e:143:4000::/34,240e:183:4000::/34,240e:1c3:4000::/34,240e:234::/30,240e:334::/30,240e:434::/30,240e:534::/30,240e:634::/30,240e:734::/30,240e:834::/30,240e:934::/30,240e:980:9200::/40,240e:a34::/30,240e:b34::/30"
10,"w6广东电信","240e:1e::/31,240e:27:8000::/33,240e:2f:8000::/33,240e:5e::/31,240e:61::/32,240e:62::/31,240e:64::/32,240e:6b:c000::/34,240e:f8::/29,240e:107:c000::/34,240e:108:22::/48,240e:108:2c::/48,240e:108:42::/48,240e:108:99::/48,240e:108:9a::/48,240e:108:11e0::/46,240e:109:8022::/48,240e:109:8042::/48,240e:147:c000::/34,240e:187:c000::/34,240e:1c7:c000::/34,240e:27c::/30,240e:3b0::/28,240e:47c::/30,240e:57c::/30,240e:698:2200::/40,240e:698:4200::/40,240e:6b0::/28,240e:7b0::/28,240e:87c::/30,240e:97c::/30,240e:980:2200::/40,240e:980:2c00::/40,240e:980:4200::/40,240e:980:9900::/40,240e:980:9a00::/40,240e:982:e000::/38,240e:983:1e00::/44,240e:a7c::/30,240e:bb0::/28"
11,"w6广西电信","240e:9::/32,240e:22:4000::/34,240e:2a:4000::/34,240e:49::/32,240e:69:2000::/35,240e:a4::/30,240e:105::/34,240e:108:8d::/48,240e:108:1130::/47,240e:145::/34,240e:185::/34,240e:1c5::/34,240e:250::/30,240e:350::/29,240e:450::/30,240e:550::/30,240e:650::/29,240e:750::/29,240e:850::/30,240e:950::/30,240e:980:8d00::/40,240e:982:3000::/39,240e:a50::/30,240e:b50::/29"
12,"w6贵州电信","240e:a::/32,240e:22:8000::/34,240e:2a:8000::/34,240e:4a::/32,240e:69:4000::/35,240e:a8::/30,240e:103:8000::/34,240e:108:10::/44,240e:109:8010::/44,240e:143:8000::/34,240e:183:8000::/34,240e:1c3:8000::/34,240e:238::/30,240e:338::/30,240e:438::/30,240e:538::/30,240e:638::/30,240e:698:1000::/36,240e:738::/30,240e:838::/30,240e:938::/30,240e:980:1000::/36,240e:a38::/30,240e:b38::/30"
13,"w6海南电信","240e:2:8000::/33,240e:20:a000::/35,240e:28:a000::/35,240e:42:8000::/33,240e:68:4000::/36,240e:8a::/31,240e:101:4000::/34,240e:108:8c::/48,240e:141:4000::/34,240e:181:4000::/34,240e:1c1:4000::/34,240e:214::/30,240e:314::/30,240e:414::/30,240e:514::/30,240e:614::/30,240e:714::/30,240e:814::/30,240e:914::/30,240e:980:8c00::/40,240e:a14::/30,240e:b14::/30"
14,"w6河北电信","240e:c::/32,240e:23::/34,240e:2b::/34,240e:4c::/32,240e:69:8000::/35,240e:b0::/30,240e:104::/34,240e:108:2d::/48,240e:108:2f::/48,240e:108:94::/48,240e:108:10f1::/48,240e:108:10f2::/48,240e:144::/34,240e:184::/34,240e:1c4::/34,240e:240::/30,240e:340::/30,240e:440::/30,240e:540::/30,240e:640::/30,240e:740::/30,240e:840::/30,240e:940::/30,240e:980:2d00::/40,240e:980:2f00::/40,240e:980:9400::/40,240e:981:f100::/40,240e:981:f200::/40,240e:a40::/30,240e:b40::/30"
15,"w6河南电信","240e:b::/32,240e:22:c000::/34,240e:2a:c000::/34,240e:4b::/32,240e:69:6000::/35,240e:ac::/30,240e:103:c000::/34,240e:108:4d::/48,240e:108:8f::/48,240e:108:10e0::/47,240e:143:c000::/34,240e:183:c000::/34,240e:1c3:c000::/34,240e:23c::/30,240e:33c::/30,240e:43c::/30,240e:53c::/30,240e:63c::/30,240e:73c::/30,240e:83c::/30,240e:93c::/32,240e:93d::/36,240e:93d:1001::/48,240e:93d:1002::/47,240e:93d:1004::/46,240e:93d:1008::/45,240e:93d:1010::/44,240e:93d:1020::/43,240e:93d:1040::/42,240e:93d:1080::/41,240e:93d:1100::/40,240e:93d:1200::/39,240e:93d:1400::/38,240e:93d:1800::/37,240e:93d:2000::/35,240e:93d:4000::/34,240e:93d:8000::/33,240e:93e::/31,240e:980:4d00::/40,240e:980:8f00::/40,240e:981:e000::/39,240e:a3c::/30,240e:b3c::/30"
16,"w6黑龙江电信","240e:1::/33,240e:20:4000::/35,240e:28:4000::/35,240e:41::/33,240e:68:1000::/36,240e:84::/31,240e:100:8000::/34,240e:108:98::/48,240e:108:1010::/48,240e:140:8000::/34,240e:180:8000::/34,240e:1c0:8000::/34,240e:208::/30,240e:308::/30,240e:408::/30,240e:508::/30,240e:608::/30,240e:708::/30,240e:808::/30,240e:908::/30,240e:980:9800::/40,240e:981:1000::/40,240e:a08::/30,240e:b08::/30"
17,"w6湖北电信","240e:d::/32,240e:23:4000::/34,240e:2b:4000::/34,240e:4d::/32,240e:69:a000::/35,240e:b4::/30,240e:105:c000::/34,240e:108:2b::/48,240e:108:95::/48,240e:108:1160::/44,240e:145:c000::/34,240e:185:c000::/34,240e:1c5:c000::/34,240e:25c::/30,240e:368::/29,240e:45c::/30,240e:55c::/30,240e:668::/29,240e:768::/29,240e:85c::/30,240e:95c::/30,240e:980:2b00::/40,240e:980:9500::/40,240e:982:6000::/36,240e:a5c::/30,240e:b68::/29"
18,"w6湖南电信","240e:10::/32,240e:24::/34,240e:2c::/34,240e:50::/32,240e:6a::/35,240e:c0::/30,240e:106:8000::/34,240e:108:2a::/48,240e:108:43::/48,240e:108:84::/48,240e:108:1191::/48,240e:108:1192::/47,240e:108:1194::/47,240e:146:8000::/34,240e:186:8000::/34,240e:1c6:8000::/34,240e:268::/30,240e:380::/29,240e:468::/30,240e:568::/30,240e:680::/29,240e:780::/29,240e:868::/30,240e:968::/30,240e:980:2a00::/40,240e:980:4300::/40,240e:980:8400::/40,240e:982:9000::/38,240e:982:9400::/40,240e:a68::/30,240e:b80::/29"
19,"w6吉林电信","240e:2::/33,240e:20:8000::/35,240e:28:8000::/35,240e:42::/33,240e:68:3000::/36,240e:88::/31,240e:101::/34,240e:108:97::/48,240e:141::/34,240e:181::/34,240e:1c1::/34,240e:210::/30,240e:310::/30,240e:410::/30,240e:510::/30,240e:610::/30,240e:710::/30,240e:810::/30,240e:910::/30,240e:980:9700::/40,240e:a10::/30,240e:b10::/30"
20,"w6江苏电信","240e:1a::/31,240e:26:8000::/33,240e:2e:8000::/33,240e:5a::/31,240e:6b:4000::/34,240e:e8::/29,240e:100:30::/44,240e:100:40::/43,240e:100:60::/44,240e:107:8000::/34,240e:108:25::/48,240e:108:46::/47,240e:108:48::/48,240e:108:81::/48,240e:108:11d3::/48,240e:108:11d4::/47,240e:108:11d6::/48,240e:108:11d8::/48,240e:109:8025::/48,240e:109:8046::/47,240e:109:8048::/48,240e:147:8000::/34,240e:187:8000::/34,240e:1c7:8000::/34,240e:278::/30,240e:3a0::/28,240e:478::/30,240e:578::/30,240e:698:2500::/40,240e:698:4600::/39,240e:698:4800::/40,240e:6a0::/28,240e:7a0::/28,240e:878::/30,240e:978::/30,240e:980:2500::/40,240e:980:4600::/39,240e:980:4800::/40,240e:980:8100::/40,240e:982:d300::/40,240e:982:d400::/39,240e:982:d600::/40,240e:982:d800::/40,240e:a78::/30,240e:ba0::/28"
21,"w6江西电信","240e:13::/32,240e:24:c000::/34,240e:2c:c000::/34,240e:53::/32,240e:6a:6000::/35,240e:cc::/30,240e:106::/34,240e:108:8a::/48,240e:108:1170::/47,240e:108:1172::/48,240e:146::/34,240e:186::/34,240e:1c6::/34,240e:260::/30,240e:370::/29,240e:460::/30,240e:560::/30,240e:670::/29,240e:770::/29,240e:860::/30,240e:960::/30,240e:980:8a00::/40,240e:982:7000::/39,240e:982:7200::/40,240e:a60::/30,240e:b70::/29"
22,"w6辽宁电信","240e:1:8000::/33,240e:20:6000::/35,240e:28:6000::/35,240e:41:8000::/33,240e:68:2000::/36,240e:86::/31,240e:100:c000::/34,240e:108:26::/48,240e:109:8026::/48,240e:140:c000::/34,240e:180:c000::/34,240e:1c0:c000::/34,240e:20c::/30,240e:30c::/30,240e:40c::/30,240e:50c::/30,240e:60c::/30,240e:698:2600::/40,240e:70c::/30,240e:80c::/30,240e:90c::/30,240e:980:2600::/40,240e:a0c::/30,240e:b0c::/30"
23,"w6内蒙古电信","240e:3::/33,240e:20:c000::/35,240e:28:c000::/35,240e:43::/33,240e:68:5000::/36,240e:8c::/31,240e:101:8000::/34,240e:141:8000::/34,240e:181:8000::/34,240e:1c1:8000::/34,240e:218::/30,240e:318::/30,240e:418::/30,240e:518::/30,240e:618::/30,240e:718::/30,240e:818::/30,240e:918::/30,240e:a18::/30,240e:b18::/30"
24,"w6宁夏电信","240e:3:8000::/33,240e:20:e000::/35,240e:28:e000::/35,240e:43:8000::/33,240e:68:6000::/36,240e:8e::/31,240e:101:c000::/34,240e:108:9b::/48,240e:108:1060::/48,240e:141:c000::/34,240e:181:c000::/34,240e:1c1:c000::/34,240e:21c::/30,240e:31c::/30,240e:41c::/30,240e:51c::/30,240e:61c::/30,240e:71c::/30,240e:81c::/30,240e:91c::/30,240e:980:9b00::/40,240e:981:6000::/40,240e:a1c::/30,240e:b1c::/30"
25,"w6青海电信","240e:4::/33,240e:21::/35,240e:29::/35,240e:44::/33,240e:68:7000::/36,240e:90::/31,240e:102::/34,240e:108:91::/48,240e:108:1070::/48,240e:142::/34,240e:182::/34,240e:1c2::/34,240e:220::/30,240e:320::/30,240e:420::/30,240e:520::/30,240e:620::/30,240e:720::/30,240e:820::/30,240e:920::/30,240e:980:9100::/40,240e:981:7000::/40,240e:a20::/30,240e:b20::/30"
26,"w6山东电信","240e:e::/32,240e:23:8000::/34,240e:2b:8000::/34,240e:4e::/32,240e:69:c000::/35,240e:b8::/30,240e:104:4000::/34,240e:108:4e::/48,240e:108:86::/48,240e:108:1100::/47,240e:144:4000::/34,240e:184:4000::/34,240e:1c4:4000::/34,240e:244::/30,240e:344::/30,240e:444::/30,240e:544::/30,240e:644::/30,240e:744::/30,240e:844::/30,240e:944::/30,240e:980:4e00::/40,240e:980:8600::/40,240e:982::/39,240e:a44::/30,240e:b44::/30"
27,"w6山西电信","240e:4:8000::/33,240e:21:2000::/35,240e:29:2000::/35,240e:44:8000::/33,240e:68:8000::/36,240e:92::/31,240e:102:4000::/34,240e:108:8e::/48,240e:108:1080::/48,240e:142:4000::/34,240e:182:4000::/34,240e:1c2:4000::/34,240e:224::/30,240e:324::/30,240e:424::/30,240e:524::/30,240e:624::/30,240e:724::/30,240e:824::/30,240e:924::/30,240e:980:8e00::/40,240e:981:8000::/40,240e:a24::/30,240e:b24::/30"
28,"w6陕西电信","240e:f::/32,240e:23:c000::/34,240e:2b:c000::/34,240e:4f::/32,240e:69:e000::/35,240e:bc::/30,240e:105:4000::/34,240e:108:24::/48,240e:108:44::/48,240e:108:93::/48,240e:108:1140::/47,240e:109:8024::/48,240e:109:8044::/48,240e:145:4000::/34,240e:185:4000::/34,240e:1c5:4000::/34,240e:254::/30,240e:358::/29,240e:454::/30,240e:554::/30,240e:658::/29,240e:698:2400::/40,240e:698:4400::/40,240e:758::/29,240e:854::/30,240e:954::/30,240e:980:2400::/40,240e:980:4400::/40,240e:980:9300::/40,240e:982:4000::/39,240e:a54::/30,240e:b58::/29"
29,"w6上海电信","240e:18::/31,240e:26::/33,240e:2e::/33,240e:40:4::/48,240e:58::/31,240e:67:c000::/36,240e:6b::/34,240e:e0::/29,240e:106:c000::/34,240e:108:21::/48,240e:108:41::/48,240e:108:4a::/48,240e:108:83::/48,240e:108:11a0::/44,240e:109:8021::/48,240e:146:c000::/34,240e:186:c000::/34,240e:1c6:c000::/34,240e:26c::/30,240e:388::/29,240e:46c::/30,240e:56c::/30,240e:688::/29,240e:698:2100::/40,240e:788::/29,240e:86c::/30,240e:96c::/30,240e:980:2100::/40,240e:980:4100::/40,240e:980:4a00::/40,240e:980:8300::/40,240e:982:a000::/36,240e:a6c::/30,240e:b88::/29"
30,"w6四川电信","240e:16::/31,240e:25:8000::/33,240e:2d:8000::/33,240e:56::/31,240e:6a:c000::/34,240e:d8::/29,240e:107:4000::/34,240e:108:23::/48,240e:108:4c::/48,240e:108:88::/48,240e:108:11c1::/48,240e:108:11c2::/48,240e:109:8023::/48,240e:109:804c::/48,240e:147:4000::/34,240e:187:4000::/34,240e:1c7:4000::/34,240e:274::/30,240e:398::/29,240e:474::/30,240e:574::/30,240e:698:2300::/40,240e:698:4c00::/40,240e:699::/32,240e:69a::/31,240e:69c::/30,240e:798::/29,240e:874::/30,240e:974::/30,240e:980:2300::/40,240e:980:4c00::/40,240e:980:8800::/40,240e:982:c100::/40,240e:982:c200::/40,240e:a74::/30,240e:b98::/29"
31,"w6天津电信","240e:5::/33,240e:21:4000::/35,240e:29:4000::/35,240e:45::/33,240e:68:9000::/36,240e:94::/31,240e:102:8000::/34,240e:108:96::/48,240e:108:1090::/44,240e:142:8000::/34,240e:182:8000::/34,240e:1c2:8000::/34,240e:228::/30,240e:328::/30,240e:428::/30,240e:528::/30,240e:628::/30,240e:728::/30,240e:828::/30,240e:928::/30,240e:980:9600::/40,240e:981:9000::/36,240e:a28::/30,240e:b28::/30"
32,"w6未知省份电信","2001:c68::/32,2400:9380:90b0::/48,2400:9380:90b2::/47,2400:9380:90b4::/46,2400:9380:90b8::/45,2402:8800::/32,240e::/49,240e:0:0:8000::/50,240e:0:0:c000::/51,240e:0:0:e000::/52,240e:0:0:f000::/53,240e:0:0:f800::/54,240e:0:0:fc00::/55,240e:0:0:fe00::/56,240e:0:0:ff00::/57,240e:0:0:ff80::/58,240e:0:0:ffc0::/59,240e:0:0:ffe0::/60,240e:0:0:fff0::/61,240e:0:0:fff8::/62,240e:0:0:fffc::/63,240e:0:0:ffff::/64,240e:0:1::/48,240e:0:2::/47,240e:0:4::/46,240e:0:8::/47,240e:0:b::/48,240e:0:c::/46,240e:0:10::/44,240e:0:20::/43,240e:0:40::/42,240e:0:80::/41,240e:0:100::/40,240e:0:200::/39,240e:0:400::/38,240e:0:800::/37,240e:0:1000::/36,240e:0:2000::/35,240e:0:4000::/34,240e:20::/36,240e:20:1000::/37,240e:20:1801::/48,240e:20:1802::/47,240e:20:1804::/46,240e:20:1808::/45,240e:20:1810::/44,240e:20:1820::/43,240e:20:1840::/42,240e:20:1880::/41,240e:20:1900::/40,240e:20:1a00::/39,240e:20:1c00::/38,240e:28::/35,240e:30::/28,240e:40::/46,240e:40:5::/48,240e:40:6::/47,240e:40:8::/45,240e:40:10::/46,240e:40:15::/48,240e:40:16::/47,240e:40:18::/45,240e:40:20::/43,240e:40:40::/42,240e:40:80::/41,240e:40:100::/40,240e:40:200::/39,240e:40:400::/38,240e:40:800::/37,240e:40:1000::/36,240e:40:2000::/35,240e:40:4000::/34,240e:60::/32,240e:65::/32,240e:66::/32,240e:67::/33,240e:67:8000::/34,240e:67:d000::/36,240e:67:e000::/35,240e:68:b000::/36,240e:6c::/30,240e:70::/28,240e:80::/31,240e:100::/43,240e:100:20::/44,240e:100:70::/44,240e:100:80::/41,240e:100:100::/40,240e:100:200::/39,240e:100:400::/38,240e:100:800::/37,240e:100:1000::/36,240e:100:2000::/35,240e:108:29::/48,240e:108:30::/44,240e:108:4f::/48,240e:108:50::/44,240e:108:60::/43,240e:108:9c::/46,240e:108:a0::/43,240e:108:c0::/42,240e:108:100::/40,240e:108:200::/39,240e:108:400::/38,240e:108:800::/37,240e:108:1011::/48,240e:108:1012::/47,240e:108:1014::/46,240e:108:1018::/45,240e:108:1020::/43,240e:108:1040::/43,240e:108:1061::/48,240e:108:1062::/47,240e:108:1064::/46,240e:108:1068::/45,240e:108:1071::/48,240e:108:1072::/47,240e:108:1074::/46,240e:108:1078::/45,240e:108:1081::/48,240e:108:1082::/47,240e:108:1084::/46,240e:108:1088::/45,240e:108:10a0::/44,240e:108:10c0::/43,240e:108:10e2::/47,240e:108:10e4::/46,240e:108:10e8::/45,240e:108:10f0::/48,240e:108:10f3::/48,240e:108:10f4::/46,240e:108:10f8::/45,240e:108:1102::/47,240e:108:1104::/46,240e:108:1108::/45,240e:108:1112::/47,240e:108:1114::/46,240e:108:1118::/45,240e:108:1120::/44,240e:108:1132::/47,240e:108:1134::/46,240e:108:1138::/45,240e:108:1142::/47,240e:108:1144::/46,240e:108:1148::/45,240e:108:1151::/48,240e:108:1152::/47,240e:108:1154::/46,240e:108:1158::/45,240e:108:1173::/48,240e:108:1174::/46,240e:108:1178::/45,240e:108:1184::/46,240e:108:1188::/45,240e:108:1190::/48,240e:108:1196::/47,240e:108:1198::/45,240e:108:11b4::/46,240e:108:11b8::/45,240e:108:11c0::/48,240e:108:11c3::/48,240e:108:11c4::/46,240e:108:11c8::/45,240e:108:11d0::/47,240e:108:11d2::/48,240e:108:11d7::/48,240e:108:11d9::/48,240e:108:11da::/47,240e:108:11dc::/46,240e:108:11e4::/46,240e:108:11e8::/45,240e:108:11f0::/44,240e:108:1200::/39,240e:108:1400::/38,240e:108:1800::/37,240e:108:2000::/35,240e:108:4000::/34,240e:108:8000::/33,240e:109::/33,240e:109:8020::/48,240e:109:8029::/48,240e:109:802a::/47,240e:109:802c::/46,240e:109:8030::/44,240e:109:8040::/47,240e:109:8043::/48,240e:109:8049::/48,240e:109:804a::/48,240e:109:804d::/48,240e:109:804e::/47,240e:109:8050::/44,240e:109:8060::/43,240e:109:8080::/41,240e:109:8100::/40,240e:109:8200::/39,240e:109:8400::/38,240e:109:8800::/37,240e:109:9000::/36,240e:109:a000::/35,240e:109:c000::/34,240e:10a::/31,240e:10c::/30,240e:110::/28,240e:120::/27,240e:140::/34,240e:148::/29,240e:150::/28,240e:160::/27,240e:180::/34,240e:188::/29,240e:190::/28,240e:1a0::/27,240e:1c0::/34,240e:1c8::/29,240e:1d0::/28,240e:1e0::/27,240e:200::/30,240e:280::/25,240e:300::/30,240e:3c0::/26,240e:400::/30,240e:480::/25,240e:500::/30,240e:580::/25,240e:600::/30,240e:698:2000::/40,240e:698:2900::/40,240e:698:2a00::/39,240e:698:2c00::/38,240e:698:3000::/36,240e:698:4000::/39,240e:698:4300::/40,240e:698:4900::/40,240e:698:4a00::/40,240e:698:4d00::/40,240e:698:4e00::/39,240e:698:5000::/36,240e:698:6000::/35,240e:698:8000::/33,240e:6c0::/26,240e:700::/30,240e:7c0::/26,240e:800::/30,240e:880::/25,240e:900::/30,240e:980:2900::/40,240e:980:3000::/36,240e:980:4f00::/40,240e:980:5000::/36,240e:980:6000::/35,240e:980:9c00::/38,240e:980:a000::/35,240e:980:c000::/34,240e:981:1100::/40,240e:981:1200::/39,240e:981:1400::/38,240e:981:1800::/37,240e:981:2000::/35,240e:981:4000::/35,240e:981:6100::/40,240e:981:6200::/39,240e:981:6400::/38,240e:981:6800::/37,240e:981:7100::/40,240e:981:7200::/39,240e:981:7400::/38,240e:981:7800::/37,240e:981:8100::/40,240e:981:8200::/39,240e:981:8400::/38,240e:981:8800::/37,240e:981:a000::/36,240e:981:c000::/35,240e:981:e200::/39,240e:981:e400::/38,240e:981:e800::/37,240e:981:f000::/40,240e:981:f300::/40,240e:981:f400::/38,240e:981:f800::/37,240e:982:200::/39,240e:982:400::/38,240e:982:800::/37,240e:982:1200::/39,240e:982:1400::/38,240e:982:1800::/37,240e:982:2000::/36,240e:982:3200::/39,240e:982:3400::/38,240e:982:3800::/37,240e:982:4200::/39,240e:982:4400::/38,240e:982:4800::/37,240e:982:5100::/40,240e:982:5200::/39,240e:982:5400::/38,240e:982:5800::/37,240e:982:7300::/40,240e:982:7400::/38,240e:982:7800::/37,240e:982:8400::/38,240e:982:8800::/37,240e:982:9500::/40,240e:982:9600::/39,240e:982:9800::/37,240e:982:b400::/38,240e:982:b800::/37,240e:982:c000::/40,240e:982:c300::/40,240e:982:c400::/38,240e:982:c800::/37,240e:982:d000::/39,240e:982:d200::/40,240e:982:d700::/40,240e:982:d900::/40,240e:982:da00::/39,240e:982:dc00::/38,240e:982:e400::/38,240e:982:e800::/37,240e:982:f000::/36,240e:983::/36,240e:983:1000::/37,240e:983:1800::/38,240e:983:1c00::/39,240e:983:1e10::/44,240e:983:1e20::/43,240e:983:1e40::/42,240e:983:1e80::/41,240e:983:1f00::/40,240e:983:2000::/35,240e:983:4000::/34,240e:983:8000::/33,240e:984::/30,240e:988::/29,240e:990::/28,240e:9a0::/27,240e:9c0::/26,240e:a00::/30,240e:a80::/25,240e:b00::/30,240e:bc0::/26,240e:c00::/22,240e:1000::/20,240e:2000::/19"
33,"w6西藏电信","240e:5:8000::/33,240e:21:6000::/35,240e:29:6000::/35,240e:45:8000::/33,240e:68:a000::/36,240e:96::/31,240e:102:c000::/34,240e:108:2e::/48,240e:142:c000::/34,240e:182:c000::/34,240e:1c2:c000::/34,240e:22c::/30,240e:32c::/30,240e:42c::/30,240e:52c::/30,240e:62c::/30,240e:72c::/30,240e:82c::/30,240e:92c::/30,240e:980:2e00::/40,240e:a2c::/30,240e:b2c::/30"
34,"w6香港电信","2400:9380::/33,2400:9380:8000::/43,2400:9380:8050::/44,2400:9380:8060::/43,2400:9380:8080::/41,2400:9380:8100::/42,2400:9380:8150::/44,2400:9380:8160::/43,2400:9380:8180::/41,2400:9380:8200::/39,2400:9380:8400::/38,2400:9380:8800::/37,2400:9380:9000::/43,2400:9380:9090::/44,2400:9380:90d0::/44,2400:9380:90e0::/43,2400:9380:9100::/40,2400:9380:9200::/39,2400:9380:9400::/38,2400:9380:9800::/37,2400:9380:a000::/35,2400:9380:c000::/34"
35,"w6新疆电信","2400:9380:90b1::/48,240e:11::/32,240e:24:4000::/34,240e:2c:4000::/34,240e:51::/32,240e:6a:2000::/35,240e:c4::/30,240e:104:8000::/34,240e:108:8b::/48,240e:108:1110::/47,240e:144:8000::/34,240e:184:8000::/34,240e:1c4:8000::/34,240e:248::/30,240e:348::/30,240e:448::/30,240e:548::/30,240e:648::/30,240e:748::/30,240e:848::/30,240e:948::/30,240e:980:8b00::/40,240e:982:1000::/39,240e:a48::/30,240e:b48::/30"
36,"w6云南电信","240e:12::/32,240e:24:8000::/34,240e:2c:8000::/34,240e:52::/32,240e:6a:4000::/35,240e:c8::/30,240e:104:c000::/34,240e:108:89::/48,240e:144:c000::/34,240e:184:c000::/34,240e:1c4:c000::/34,240e:24c::/30,240e:34c::/30,240e:44c::/30,240e:54c::/30,240e:64c::/30,240e:74c::/30,240e:84c::/30,240e:94c::/30,240e:980:8900::/40,240e:a4c::/30,240e:b4c::/30"
37,"w6浙江电信","240e:1c::/31,240e:27::/33,240e:2f::/33,240e:5c::/31,240e:6b:8000::/34,240e:f0::/29,240e:107::/34,240e:108:45::/48,240e:108:82::/48,240e:108:11b0::/46,240e:109:8045::/48,240e:147::/34,240e:187::/34,240e:1c7::/34,240e:270::/30,240e:390::/29,240e:470::/30,240e:570::/30,240e:690::/29,240e:698:4500::/40,240e:790::/29,240e:870::/30,240e:970::/30,240e:980:4500::/40,240e:980:8200::/40,240e:982:b000::/38,240e:a70::/30,240e:b90::/29"
38,"w6重庆电信","240e:7::/32,240e:21:c000::/34,240e:29:c000::/34,240e:47::/32,240e:68:e000::/35,240e:9c::/30,240e:103::/34,240e:108:90::/48,240e:108:10b0::/44,240e:143::/34,240e:183::/34,240e:1c3::/34,240e:230::/30,240e:330::/30,240e:430::/30,240e:530::/30,240e:630::/30,240e:730::/30,240e:830::/30,240e:930::/30,240e:980:9000::/40,240e:981:b000::/36,240e:a30::/30,240e:b30::/30"
39,"w6安徽联通","2408:8000:c000::/36,2408:804e:8000::/33,2408:804f::/32,2408:8050::/32,2408:8051::/33,2408:80c7:c000::/34,2408:80c8::/34,2408:80d7:c000::/34,2408:80d8::/34,2408:80e8::/33,2408:80f8::/33,2408:8141:c000::/35,2408:8244::/30,2408:8344::/30,2408:8444::/30,2408:84ee::/32,2408:8544::/30,2408:8644::/30,2408:8744::/30,2408:8844::/30,2408:8944::/30,2408:8a04:4000::/34,2408:8a24:4000::/34"
40,"w6北京联通","2408:8000:1000::/36,2408:8020::/30,2408:8024::/33,2408:80c0::/33,2408:80c0:8000::/34,2408:80d0::/33,2408:80d0:8000::/34,2408:80e0:4000::/34,2408:80e0:8000::/33,2408:80f0:4000::/34,2408:80f0:8000::/33,2408:8140:2000::/35,2408:8206::/31,2408:8208::/30,2408:8306::/31,2408:8308::/30,2408:8406::/31,2408:8408::/30,2408:84e1::/32,2408:8506::/31,2408:8508::/30,2408:8606::/31,2408:8608::/30,2408:8706::/31,2408:8708::/30,2408:877e::/32,2408:8806::/31,2408:8808::/30,2408:8906::/31,2408:8908::/30,2408:8a00:6000::/35,2408:8a00:8000::/34,2408:8a20:6000::/35,2408:8a20:8000::/34"
41,"w6福建联通","2408:8000:d000::/36,2408:8051:8000::/33,2408:8052::/31,2408:8054::/33,2408:80c8:4000::/34,2408:80c8:8000::/34,2408:80d8:4000::/34,2408:80d8:8000::/34,2408:80e8:8000::/33,2408:80f8:8000::/33,2408:8141:e000::/35,2408:8248::/30,2408:8348::/30,2408:8448::/30,2408:84ef::/32,2408:8548::/30,2408:8648::/30,2408:8748::/30,2408:8848::/30,2408:8948::/30,2408:8a04:8000::/34,2408:8a24:8000::/34"
42,"w6甘肃联通","2408:8001:c000::/36,2408:8072:8000::/33,2408:8073::/32,2408:80cd:c000::/34,2408:80dd:c000::/34,2408:80ee::/34,2408:80fe::/34,2408:8143:8000::/35,2408:8274::/31,2408:8374::/31,2408:8474::/31,2408:84fc::/32,2408:8574::/31,2408:8674::/31,2408:8774::/31,2408:8878::/31,2408:8978::/31,2408:8a07:4000::/35,2408:8a27:4000::/35"
43,"w6广东联通","2408:8001:3000::/36,2408:805c::/30,2408:8060::/33,2408:80ca::/33,2408:80ca:8000::/34,2408:80da::/33,2408:80da:8000::/34,2408:80ea:4000::/34,2408:80ea:8000::/33,2408:80fa:4000::/34,2408:80fa:8000::/33,2408:8142:6000::/35,2408:8256::/31,2408:8258::/30,2408:8356::/31,2408:8358::/30,2408:8456::/31,2408:8458::/30,2408:84f3::/32,2408:8556::/31,2408:8558::/30,2408:8656::/31,2408:8658::/30,2408:8756::/31,2408:8758::/30,2408:8856::/31,2408:8858::/30,2408:8956::/31,2408:8958::/30,2408:8a05:6000::/35,2408:8a05:8000::/34,2408:8a25:6000::/35,2408:8a25:8000::/34"
44,"w6广西联通","2408:8001:4000::/36,2408:8060:8000::/33,2408:8061::/32,2408:8062::/32,2408:8063::/33,2408:80ca:c000::/34,2408:80cb::/34,2408:80da:c000::/34,2408:80db::/34,2408:80eb::/33,2408:80fb::/33,2408:8142:8000::/35,2408:825c::/30,2408:835c::/30,2408:845c::/30,2408:84f4::/32,2408:855c::/30,2408:865c::/30,2408:875c::/30,2408:885c::/30,2408:895c::/30,2408:8a05:c000::/34,2408:8a25:c000::/34"
45,"w6贵州联通","2408:8001:8000::/36,2408:806b::/32,2408:806c::/33,2408:80cc:8000::/34,2408:80dc:8000::/34,2408:80ec:c000::/34,2408:80fc:c000::/34,2408:8143::/35,2408:826a::/31,2408:836a::/31,2408:846a::/31,2408:84f8::/32,2408:856a::/31,2408:866a::/31,2408:876a::/31,2408:877f::/32,2408:886a::/31,2408:886c::/31,2408:896a::/31,2408:896c::/31,2408:8a06:a000::/35,2408:8a26:a000::/35"
46,"w6海南联通","2408:8001:5000::/36,2408:8063:8000::/33,2408:8064::/32,2408:80cb:4000::/34,2408:80db:4000::/34,2408:80eb:8000::/34,2408:80fb:8000::/34,2408:8142:a000::/35,2408:8260::/31,2408:8360::/31,2408:8460::/31,2408:84f5::/32,2408:8560::/31,2408:8660::/31,2408:8760::/31,2408:8860::/31,2408:8960::/31,2408:8a06::/35,2408:8a26::/35"
47,"w6河北联通","2408:8000:3000::/36,2408:802f::/32,2408:8030::/31,2408:8032::/32,2408:8033::/33,2408:80c2:8000::/33,2408:80c3::/34,2408:80d2:8000::/33,2408:80d3::/34,2408:80e2:c000::/34,2408:80e3::/33,2408:80f2:c000::/34,2408:80f3::/33,2408:8140:a000::/35,2408:821a::/31,2408:821c::/30,2408:831a::/31,2408:831c::/30,2408:841a::/31,2408:841c::/30,2408:84e5::/32,2408:851a::/31,2408:851c::/30,2408:861a::/31,2408:861c::/30,2408:871a::/31,2408:881c::/30,2408:891c::/30,2408:8a01:a000::/35,2408:8a01:c000::/34,2408:8a21:a000::/35,2408:8a21:c000::/34"
48,"w6河南联通","2408:8001::/36,2408:8033:8000::/33,2408:8034::/30,2408:80c3:4000::/34,2408:80c3:8000::/33,2408:80d3:4000::/34,2408:80d3:8000::/33,2408:80e3:8000::/33,2408:80e4::/34,2408:80f3:8000::/33,2408:80f4::/34,2408:8140:c000::/35,2408:8220::/30,2408:8224::/31,2408:8320::/30,2408:8324::/31,2408:8420::/30,2408:8424::/31,2408:84e6::/32,2408:8520::/30,2408:8524::/31,2408:8620::/30,2408:8624::/31,2408:8720::/30,2408:8724::/31,2408:8820::/30,2408:8920::/30,2408:8a02::/34,2408:8a02:4000::/35,2408:8a22::/34,2408:8a22:4000::/35"
49,"w6黑龙江联通","2408:8000:8000::/36,2408:8045:8000::/33,2408:8046::/31,2408:8048::/33,2408:80c6:4000::/34,2408:80c6:8000::/34,2408:80d6:4000::/34,2408:80d6:8000::/34,2408:80e6:8000::/33,2408:80f6:8000::/33,2408:8141:6000::/35,2408:8238::/30,2408:8338::/30,2408:8438::/30,2408:84eb::/32,2408:8538::/30,2408:8638::/30,2408:8738::/30,2408:877c::/32,2408:8836::/31,2408:8838::/31,2408:8936::/31,2408:8938::/31,2408:8a03:8000::/34,2408:8a23:8000::/34"
50,"w6湖北联通","2408:8001:1000::/36,2408:8056::/31,2408:8058::/32,2408:80c9::/33,2408:80d9::/33,2408:80e9:4000::/34,2408:80e9:8000::/34,2408:80f9:4000::/34,2408:80f9:8000::/34,2408:8142:2000::/35,2408:824e::/31,2408:8250::/31,2408:834e::/31,2408:8350::/31,2408:844e::/31,2408:8450::/31,2408:84f1::/32,2408:854e::/31,2408:8550::/31,2408:864e::/31,2408:8650::/31,2408:874e::/31,2408:8750::/31,2408:884e::/31,2408:8850::/31,2408:894e::/31,2408:8950::/31,2408:8a04:e000::/35,2408:8a05::/35,2408:8a24:e000::/35,2408:8a25::/35"
51,"w6湖南联通","2408:8001:2000::/36,2408:8059::/32,2408:805a::/31,2408:80c9:8000::/33,2408:80d9:8000::/33,2408:80e9:c000::/34,2408:80ea::/34,2408:80f9:c000::/34,2408:80fa::/34,2408:8142:4000::/35,2408:8252::/31,2408:8254::/31,2408:8352::/31,2408:8354::/31,2408:8452::/31,2408:8454::/31,2408:84f2::/32,2408:8552::/31,2408:8554::/31,2408:8652::/31,2408:8654::/31,2408:8752::/31,2408:8754::/31,2408:8852::/31,2408:8854::/31,2408:8952::/31,2408:8954::/31,2408:8a05:2000::/35,2408:8a05:4000::/35,2408:8a25:2000::/35,2408:8a25:4000::/35"
52,"w6吉林联通","2408:8000:7000::/36,2408:8042:8000::/33,2408:8043::/32,2408:8044::/32,2408:8045::/33,2408:80c5:c000::/34,2408:80c6::/34,2408:80d5:c000::/34,2408:80d6::/34,2408:80e6::/33,2408:80f6::/33,2408:8141:4000::/35,2408:8234::/30,2408:8334::/30,2408:8434::/30,2408:84ea::/32,2408:8534::/30,2408:8634::/30,2408:8734::/30,2408:8832::/31,2408:8834::/31,2408:8932::/31,2408:8934::/31,2408:8a03:4000::/34,2408:8a23:4000::/34"
53,"w6江苏联通","2408:8000:a000::/36,2408:8048:8000::/33,2408:8049::/32,2408:804a::/32,2408:804b::/33,2408:80c6:c000::/34,2408:80c7::/34,2408:80d6:c000::/34,2408:80d7::/34,2408:80e7::/33,2408:80f7::/33,2408:8141:8000::/35,2408:823c::/30,2408:833c::/30,2408:843c::/30,2408:84ec::/32,2408:853c::/30,2408:863c::/30,2408:873c::/30,2408:883a::/31,2408:883c::/30,2408:893a::/31,2408:893c::/30,2408:8a03:c000::/34,2408:8a23:c000::/34"
54,"w6江西联通","2408:8000:e000::/36,2408:8054:8000::/33,2408:8055::/32,2408:80c8:c000::/34,2408:80d8:c000::/34,2408:80e9::/34,2408:80f9::/34,2408:8142::/35,2408:824c::/31,2408:834c::/31,2408:844c::/31,2408:84f0::/32,2408:854c::/31,2408:864c::/31,2408:874c::/31,2408:884c::/31,2408:894c::/31,2408:8a04:c000::/35,2408:8a24:c000::/35"
55,"w6辽宁联通","2408:8000:6000::/36,2408:803e::/31,2408:8040::/31,2408:8042::/33,2408:80c5::/33,2408:80c5:8000::/34,2408:80d5::/33,2408:80d5:8000::/34,2408:80e5:4000::/34,2408:80e5:8000::/33,2408:80f5:4000::/34,2408:80f5:8000::/33,2408:8141:2000::/35,2408:822e::/31,2408:8230::/30,2408:832e::/31,2408:8330::/30,2408:842e::/31,2408:8430::/30,2408:84e9::/32,2408:852e::/31,2408:8530::/30,2408:862e::/31,2408:8630::/30,2408:872e::/31,2408:8730::/30,2408:882c::/30,2408:8830::/31,2408:892c::/30,2408:8930::/31,2408:8a02:e000::/35,2408:8a03::/34,2408:8a22:e000::/35,2408:8a23::/34"
56,"w6内蒙古联通","2408:8000:5000::/36,2408:803b::/32,2408:803c::/31,2408:80c4:8000::/33,2408:80d4:8000::/33,2408:80e4:c000::/34,2408:80e5::/34,2408:80f4:c000::/34,2408:80f5::/34,2408:8141::/35,2408:822a::/31,2408:822c::/31,2408:832a::/31,2408:832c::/31,2408:842a::/31,2408:842c::/31,2408:84e8::/32,2408:852a::/31,2408:852c::/31,2408:862a::/31,2408:862c::/31,2408:872a::/31,2408:872c::/31,2408:877d::/32,2408:8828::/30,2408:8928::/30,2408:8a02:a000::/35,2408:8a02:c000::/35,2408:8a22:a000::/35,2408:8a22:c000::/35"
57,"w6宁夏联通","2408:8001:e000::/36,2408:8075:8000::/33,2408:8076::/32,2408:80ce:4000::/34,2408:80de:4000::/34,2408:80ee:8000::/34,2408:80fe:8000::/34,2408:8143:c000::/35,2408:8278::/31,2408:8378::/31,2408:8478::/31,2408:84fe::/32,2408:8578::/31,2408:8678::/31,2408:8778::/31,2408:887c::/31,2408:897c::/31,2408:8a07:8000::/35,2408:8a27:8000::/35"
58,"w6青海联通","2408:8001:d000::/36,2408:8074::/32,2408:8075::/33,2408:80ce::/34,2408:80de::/34,2408:80ee:4000::/34,2408:80fe:4000::/34,2408:8143:a000::/35,2408:8276::/31,2408:8376::/31,2408:8476::/31,2408:84fd::/32,2408:8576::/31,2408:8676::/31,2408:8776::/31,2408:887a::/31,2408:897a::/31,2408:8a07:6000::/35,2408:8a27:6000::/35"
59,"w6山东联通","2408:8000:f000::/36,2408:8008:f000::/48,2408:802a:8000::/33,2408:802b::/32,2408:802c::/31,2408:802e::/32,2408:80c1:c000::/34,2408:80c2::/33,2408:80d1:c000::/34,2408:80d2::/33,2408:80e2::/33,2408:80e2:8000::/34,2408:80f2::/33,2408:80f2:8000::/34,2408:8140:8000::/35,2408:8214::/30,2408:8218::/31,2408:8314::/30,2408:8318::/31,2408:8414::/30,2408:8418::/31,2408:84e4::/32,2408:8514::/30,2408:8518::/31,2408:8614::/30,2408:8618::/31,2408:8714::/30,2408:8718::/31,2408:8816::/31,2408:8818::/30,2408:8916::/31,2408:8918::/30,2408:8a01:4000::/34,2408:8a01:8000::/35,2408:8a21:4000::/34,2408:8a21:8000::/35"
60,"w6山西联通","2408:8000:4000::/36,2408:8038::/31,2408:803a::/32,2408:80c4::/33,2408:80d4::/33,2408:80e4:4000::/34,2408:80e4:8000::/34,2408:80f4:4000::/34,2408:80f4:8000::/34,2408:8140:e000::/35,2408:8226::/31,2408:8228::/31,2408:8326::/31,2408:8328::/31,2408:8426::/31,2408:8428::/31,2408:84e7::/32,2408:8526::/31,2408:8528::/31,2408:8626::/31,2408:8628::/31,2408:8726::/31,2408:8728::/31,2408:8824::/30,2408:8924::/30,2408:8a02:6000::/35,2408:8a02:8000::/35,2408:8a22:6000::/35,2408:8a22:8000::/35"
61,"w6陕西联通","2408:8001:b000::/36,2408:806f:8000::/33,2408:8070::/31,2408:8072::/33,2408:80cd:4000::/34,2408:80cd:8000::/34,2408:80dd:4000::/34,2408:80dd:8000::/34,2408:80ed:8000::/33,2408:80fd:8000::/33,2408:8143:6000::/35,2408:8270::/30,2408:8370::/30,2408:8470::/30,2408:84fb::/32,2408:8570::/30,2408:8670::/30,2408:8770::/30,2408:8874::/30,2408:8974::/30,2408:8a07::/34,2408:8a27::/34"
62,"w6上海联通","2408:8000:9000::/36,2408:8024:8000::/33,2408:8025::/32,2408:8026::/32,2408:8027::/33,2408:80c0:c000::/34,2408:80c1::/34,2408:80d0:c000::/34,2408:80d1::/34,2408:80e1::/33,2408:80f1::/33,2408:8140:4000::/35,2408:820c::/30,2408:830c::/30,2408:840c::/30,2408:84e2::/32,2408:850c::/30,2408:860c::/30,2408:870c::/30,2408:880c::/30,2408:8810::/31,2408:890c::/30,2408:8910::/31,2408:8a00:c000::/34,2408:8a20:c000::/34"
63,"w6四川联通","2408:8001:7000::/36,2408:8068::/31,2408:806a::/32,2408:80cc::/33,2408:80dc::/33,2408:80ec:4000::/34,2408:80ec:8000::/34,2408:80fc:4000::/34,2408:80fc:8000::/34,2408:8142:e000::/35,2408:8266::/31,2408:8268::/31,2408:8366::/31,2408:8368::/31,2408:8466::/31,2408:8468::/31,2408:84f7::/32,2408:8566::/31,2408:8568::/31,2408:8666::/31,2408:8668::/31,2408:8766::/31,2408:8768::/31,2408:8866::/31,2408:8868::/31,2408:8966::/31,2408:8968::/31,2408:8a06:6000::/35,2408:8a06:8000::/35,2408:8a26:6000::/35,2408:8a26:8000::/35"
64,"w6天津联通","2408:8000:2000::/36,2408:8027:8000::/33,2408:8028::/31,2408:802a::/33,2408:80c1:4000::/34,2408:80c1:8000::/34,2408:80d1:4000::/34,2408:80d1:8000::/34,2408:80e1:8000::/33,2408:80f1:8000::/33,2408:8140:6000::/35,2408:8210::/30,2408:8310::/30,2408:8410::/30,2408:84e3::/32,2408:8510::/30,2408:8610::/30,2408:8710::/30,2408:8812::/31,2408:8814::/31,2408:8912::/31,2408:8914::/31,2408:8a01::/34,2408:8a21::/34"
65,"w6未知省份联通","2001:e18::/32,2001:e88::/32,2408:8000::/36,2408:8002::/31,2408:8004::/30,2408:8008::/33,2408:8008:8000::/34,2408:8008:c000::/35,2408:8008:e000::/36,2408:8008:f001::/48,2408:8008:f002::/47,2408:8008:f004::/46,2408:8008:f008::/45,2408:8008:f010::/44,2408:8008:f020::/43,2408:8008:f040::/42,2408:8008:f080::/41,2408:8008:f100::/40,2408:8008:f200::/39,2408:8008:f400::/38,2408:8008:f800::/37,2408:8009::/32,2408:800a::/31,2408:800c::/30,2408:8010::/28,2408:8078:8000::/33,2408:8079::/32,2408:807a::/31,2408:807c::/30,2408:8080::/26,2408:80ce:c000::/34,2408:80cf::/32,2408:80de:c000::/34,2408:80df::/32,2408:80e0::/34,2408:80ef::/32,2408:80f0::/34,2408:80ff::/32,2408:8100::/26,2408:8140::/35,2408:8144::/30,2408:8148::/29,2408:8150::/28,2408:8160::/27,2408:8180::/25,2408:8200::/30,2408:8204::/31,2408:827c::/30,2408:8280::/25,2408:8300::/30,2408:8304::/31,2408:837c::/30,2408:8380::/25,2408:8400::/30,2408:8404::/31,2408:847c::/30,2408:8480::/26,2408:84c0::/27,2408:84e0::/32,2408:84fa:1000::/36,2408:84fa:2000::/35,2408:84fa:4000::/34,2408:84fa:8000::/33,2408:8500::/30,2408:8504::/31,2408:857c::/30,2408:8580::/25,2408:8600::/30,2408:8604::/31,2408:867c::/30,2408:8680::/25,2408:8700::/30,2408:8704::/31,2408:871c::/30,2408:8780::/25,2408:8800::/30,2408:8804::/31,2408:8880::/25,2408:8900::/30,2408:8904::/31,2408:8980::/25,2408:8a00::/34,2408:8a00:4000::/35,2408:8a07:c000::/34,2408:8a08::/29,2408:8a10::/28,2408:8a20::/34,2408:8a20:4000::/35,2408:8a27:c000::/34,2408:8a28::/29,2408:8a30::/28,2408:8a40::/26,2408:8a80::/25,2408:8b00::/24,2408:8c00::/22"
66,"w6西藏联通","2408:8001:a000::/36,2408:806e::/32,2408:806f::/33,2408:80cd::/34,2408:80dd::/34,2408:80ed:4000::/34,2408:80fd:4000::/34,2408:8143:4000::/35,2408:826e::/31,2408:836e::/31,2408:846e::/31,2408:84fa::/36,2408:856e::/31,2408:866e::/31,2408:876e::/31,2408:8872::/31,2408:8972::/31,2408:8a06:e000::/35,2408:8a26:e000::/35"
67,"w6香港联通","2401:8a00::/32"
68,"w6新疆联通","2408:8001:f000::/36,2408:8077::/32,2408:8078::/33,2408:80ce:8000::/34,2408:80de:8000::/34,2408:80ee:c000::/34,2408:80fe:c000::/34,2408:8143:e000::/35,2408:827a::/31,2408:837a::/31,2408:847a::/31,2408:84ff::/32,2408:857a::/31,2408:867a::/31,2408:877a::/31,2408:887e::/31,2408:897e::/31,2408:8a07:a000::/35,2408:8a27:a000::/35"
69,"w6云南联通","2408:8001:9000::/36,2408:806c:8000::/33,2408:806d::/32,2408:80cc:c000::/34,2408:80dc:c000::/34,2408:80ed::/34,2408:80fd::/34,2408:8143:2000::/35,2408:826c::/31,2408:836c::/31,2408:846c::/31,2408:84f9::/32,2408:856c::/31,2408:866c::/31,2408:876c::/31,2408:886e::/31,2408:8870::/31,2408:896e::/31,2408:8970::/31,2408:8a06:c000::/35,2408:8a26:c000::/35"
70,"w6浙江联通","2408:8000:b000::/36,2408:804b:8000::/33,2408:804c::/31,2408:804e::/33,2408:80c7:4000::/34,2408:80c7:8000::/34,2408:80d7:4000::/34,2408:80d7:8000::/34,2408:80e7:8000::/33,2408:80f7:8000::/33,2408:8141:a000::/35,2408:8240::/30,2408:8340::/30,2408:8440::/30,2408:84ed::/32,2408:8540::/30,2408:8640::/30,2408:8740::/30,2408:8840::/30,2408:8940::/30,2408:8a04::/34,2408:8a24::/34"
71,"w6重庆联通","2408:8001:6000::/36,2408:8065::/32,2408:8066::/31,2408:80cb:8000::/33,2408:80db:8000::/33,2408:80eb:c000::/34,2408:80ec::/34,2408:80fb:c000::/34,2408:80fc::/34,2408:8142:c000::/35,2408:8262::/31,2408:8264::/31,2408:8362::/31,2408:8364::/31,2408:8462::/31,2408:8464::/31,2408:84f6::/32,2408:8562::/31,2408:8564::/31,2408:8662::/31,2408:8664::/31,2408:8762::/31,2408:8764::/31,2408:8862::/31,2408:8864::/31,2408:8962::/31,2408:8964::/31,2408:8a06:2000::/35,2408:8a06:4000::/35,2408:8a26:2000::/35,2408:8a26:4000::/35"
72,"w6安徽移动","2409:8030::/30,2409:8087:3000::/38,2409:8130::/30,2409:8230::/30,2409:8330::/30,2409:8430::/30,2409:8530::/30,2409:8630::/30,2409:8730::/30,2409:8806::/34,2409:8930::/30,2409:8a30::/30,2409:8b30::/30,2409:8c30::/30,2409:8c85:aa30::/46,2409:8d30::/30,2409:8e30::/30,2409:8f30::/30"
73,"w6北京移动","2409:8000::/31,2409:8080:3001::/60,2409:8080:3800:10::/64,2409:8087::/39,2409:8090:8000::/34,2409:8100::/31,2409:8200::/31,2409:8300::/31,2409:8400::/31,2409:8500::/31,2409:8600::/31,2409:8700::/31,2409:8800:8000::/34,2409:8880:8000::/34,2409:8890:8000::/34,2409:8900::/31,2409:8a00::/31,2409:8b00::/31,2409:8c00::/31,2409:8c85::/40,2409:8c85:aa00::/47,2409:8d00::/31,2409:8e00::/31,2409:8f00::/31"
74,"w6福建移动","2409:8034::/30,2409:8087:3400::/38,2409:8096:8000::/34,2409:8134::/30,2409:8234::/30,2409:8334::/30,2409:8434::/30,2409:8534::/30,2409:8634::/30,2409:8734::/30,2409:8806:8000::/34,2409:8886:8000::/34,2409:8896:8000::/34,2409:8934::/30,2409:8a34::/30,2409:8b34::/30,2409:8c34::/30,2409:8c85:aa34::/46,2409:8d34::/30,2409:8e34::/30,2409:8f34::/30"
75,"w6甘肃移动","2409:8074::/30,2409:8087:7400::/38,2409:8174::/30,2409:8274::/30,2409:8374::/30,2409:8474::/30,2409:8574::/30,2409:8674::/30,2409:8774::/30,2409:880d:8000::/34,2409:8974::/30,2409:8a74::/30,2409:8b74::/30,2409:8c74::/30,2409:8c85:aa74::/46,2409:8d74::/30,2409:8e74::/30,2409:8f74::/30"
76,"w6广东移动","2409:8054::/30,2409:8058::/30,2409:8080:3800::/64,2409:8087:5400::/38,2409:8087:5800::/38,2409:8099:8000::/34,2409:8154::/30,2409:8158::/30,2409:8254::/30,2409:8258::/30,2409:8354::/30,2409:8358::/30,2409:8454::/30,2409:8458::/30,2409:8554::/30,2409:8558::/30,2409:8654::/30,2409:8658::/30,2409:8754::/30,2409:8758::/30,2409:8809:8000::/34,2409:8889:8000::/34,2409:8899:8000::/34,2409:8954::/30,2409:8958::/30,2409:8a54::/30,2409:8a58::/30,2409:8b54::/30,2409:8b58::/30,2409:8c54::/30,2409:8c58::/30,2409:8c85:400::/40,2409:8c85:aa54::/46,2409:8c85:aa58::/46,2409:8d54::/30,2409:8d58::/30,2409:8e54::/30,2409:8e58::/30,2409:8f54::/30,2409:8f58::/30"
77,"w6广西移动","2409:805c::/31,2409:8087:5c00::/39,2409:815c::/31,2409:825c::/31,2409:835c::/31,2409:845c::/31,2409:855c::/31,2409:865c::/31,2409:875c::/31,2409:880a::/34,2409:895c::/31,2409:8a5c::/31,2409:8b5c::/31,2409:8c5c::/31,2409:8c85:aa5c::/47,2409:8d5c::/31,2409:8e5c::/31,2409:8f5c::/31"
78,"w6贵州移动","2409:806a::/31,2409:8087:6a00::/39,2409:816a::/31,2409:826a::/31,2409:836a::/31,2409:846a::/31,2409:856a::/31,2409:866a::/31,2409:876a::/31,2409:880c::/34,2409:896a::/31,2409:8a6a::/31,2409:8b6a::/31,2409:8c6a::/31,2409:8c85:aa6a::/47,2409:8d6a::/31,2409:8e6a::/31,2409:8f6a::/31"
79,"w6海南移动","2409:805e::/31,2409:8087:5e00::/39,2409:815e::/31,2409:825e::/31,2409:835e::/31,2409:845e::/31,2409:855e::/31,2409:865e::/31,2409:875e::/31,2409:880a:8000::/34,2409:895e::/31,2409:8a5e::/31,2409:8b5e::/31,2409:8c5e::/31,2409:8c85:aa5e::/47,2409:8d5e::/31,2409:8e5e::/31,2409:8f5e::/31"
80,"w6河北移动","2409:8004::/30,2409:8008::/30,2409:8087:400::/38,2409:8087:800::/38,2409:8104::/30,2409:8108::/30,2409:8204::/30,2409:8208::/30,2409:8304::/30,2409:8308::/30,2409:8404::/30,2409:8408::/30,2409:8504::/30,2409:8508::/30,2409:8604::/30,2409:8608::/30,2409:8704::/30,2409:8708::/30,2409:8801:8000::/34,2409:8904::/30,2409:8908::/30,2409:8a04::/33,2409:8a04:8000::/35,2409:8a04:a000::/37,2409:8a04:a800::/38,2409:8a04:e000::/39,2409:8a04:e200::/40,2409:8a04:ffff:ffff::/64,2409:8a05::/32,2409:8a06::/31,2409:8a08::/30,2409:8b04::/30,2409:8b08::/30,2409:8c04::/30,2409:8c08::/30,2409:8c85:aa04::/46,2409:8c85:aa08::/46,2409:8d04::/30,2409:8d08::/30,2409:8e04::/30,2409:8e08::/30,2409:8f04::/30,2409:8f08::/30"
81,"w6河南移动","2409:8087:4400::/38,2409:8087:4800::/38,2409:8088::/32,2409:8098::/34,2409:8144::/30,2409:8148::/30,2409:8244::/30,2409:8248::/30,2409:8344::/30,2409:8348::/30,2409:8444::/30,2409:8448::/30,2409:8544::/30,2409:8548::/30,2409:8644::/30,2409:8648::/30,2409:8744::/30,2409:8748::/30,2409:8808::/34,2409:8888::/34,2409:88a8::/34,2409:8944::/30,2409:8948::/30,2409:8a44::/30,2409:8a48::/30,2409:8b44::/30,2409:8b48::/30,2409:8c44::/30,2409:8c48::/30,2409:8c85:aa44::/46,2409:8c85:aa48::/46,2409:8d44::/30,2409:8d48::/30,2409:8e44::/30,2409:8e48::/30,2409:8f44::/30,2409:8f48::/30"
82,"w6黑龙江移动","2409:801a::/31,2409:801c::/31,2409:8087:1a00::/39,2409:8087:1c00::/39,2409:811a::/31,2409:811c::/31,2409:821a::/31,2409:821c::/31,2409:831a::/31,2409:831c::/31,2409:841a::/31,2409:841c::/31,2409:851a::/31,2409:851c::/31,2409:861a::/31,2409:861c::/31,2409:871a::/31,2409:871c::/31,2409:8804::/34,2409:891a::/31,2409:891c::/31,2409:8a1a::/31,2409:8a1c::/31,2409:8b1a::/31,2409:8b1c::/31,2409:8c1a::/31,2409:8c1c::/31,2409:8c85:aa1a::/47,2409:8c85:aa1c::/47,2409:8d1a::/31,2409:8d1c::/31,2409:8e1a::/31,2409:8e1c::/31,2409:8f1a::/31,2409:8f1c::/31"
83,"w6湖北移动","2409:804c::/30,2409:8087:4c00::/38,2409:814c::/30,2409:824c::/30,2409:834c::/30,2409:844c::/30,2409:854c::/30,2409:864c::/30,2409:874c::/30,2409:8808:8000::/34,2409:894c::/30,2409:8a4c::/30,2409:8b4c::/30,2409:8c4c::/30,2409:8c85:aa4c::/46,2409:8d4c::/30,2409:8e4c::/30,2409:8f4c::/30"
84,"w6湖南移动","2409:8050::/30,2409:8087:5000::/38,2409:8099::/34,2409:8150::/30,2409:8250::/30,2409:8350::/30,2409:8450::/30,2409:8550::/30,2409:8650::/30,2409:8750::/30,2409:8809::/34,2409:8889::/34,2409:8899::/34,2409:8950::/30,2409:8a50::/30,2409:8b50::/30,2409:8c50::/30,2409:8c85:aa50::/46,2409:8d50::/30,2409:8e50::/30,2409:8f50::/30"
85,"w6吉林移动","2409:8018::/31,2409:8087:1800::/39,2409:8118::/31,2409:8218::/31,2409:8318::/31,2409:8418::/31,2409:8518::/31,2409:8618::/31,2409:8718::/31,2409:8803:8000::/34,2409:8918::/31,2409:8a18::/31,2409:8b18::/31,2409:8c18::/31,2409:8c85:aa18::/47,2409:8d18::/31,2409:8e18::/31,2409:8f18::/31"
86,"w6江苏移动","2409:8020::/29,2409:8085::/34,2409:8087:2000::/37,2409:8095::/34,2409:8120::/29,2409:8220::/29,2409:8320::/29,2409:8420::/29,2409:8520::/29,2409:8620::/29,2409:8720::/29,2409:8805::/34,2409:8885::/34,2409:8920::/29,2409:8a20::/29,2409:8b20::/29,2409:8c20::/29,2409:8c85:2000::/43,2409:8c85:aa20::/45,2409:8d20::/29,2409:8e20::/29,2409:8f20::/29"
87,"w6江西移动","2409:8038::/30,2409:8087:3800::/38,2409:8097::/34,2409:8138::/30,2409:8238::/30,2409:8338::/30,2409:8438::/30,2409:8538::/30,2409:8638::/30,2409:8738::/30,2409:8807::/34,2409:8887::/34,2409:8938::/30,2409:8a38::/30,2409:8b38::/30,2409:8c38::/30,2409:8c85:aa38::/46,2409:8d38::/30,2409:8e38::/30,2409:8f38::/30"
88,"w6辽宁移动","2409:8014::/30,2409:8087:1400::/38,2409:8114::/30,2409:8214::/30,2409:8314::/30,2409:8414::/30,2409:8514::/30,2409:8614::/30,2409:8714::/30,2409:8803::/34,2409:8914::/30,2409:8a14::/30,2409:8b14::/30,2409:8c14::/30,2409:8c85:aa14::/46,2409:8d14::/30,2409:8e14::/30,2409:8f14::/30"
89,"w6内蒙古移动","2409:8010::/30,2409:8087:1000::/38,2409:8110::/30,2409:8210::/30,2409:8310::/30,2409:8410::/30,2409:8510::/30,2409:8610::/30,2409:8710::/30,2409:8802:8000::/34,2409:8910::/30,2409:8a10::/30,2409:8b10::/30,2409:8c10::/30,2409:8c85:aa10::/46,2409:8d10::/30,2409:8e10::/30,2409:8f10::/30"
90,"w6宁夏移动","2409:807a::/31,2409:8087:7a00::/39,2409:817a::/31,2409:827a::/31,2409:837a::/31,2409:847a::/31,2409:857a::/31,2409:867a::/31,2409:877a::/31,2409:880e:8000::/34,2409:897a::/31,2409:8a7a::/31,2409:8b7a::/31,2409:8c7a::/31,2409:8c85:aa7a::/47,2409:8d7a::/31,2409:8e7a::/31,2409:8f7a::/31"
91,"w6青海移动","2409:8078::/31,2409:8087:7800::/39,2409:8178::/31,2409:8278::/31,2409:8378::/31,2409:8478::/31,2409:8578::/31,2409:8678::/31,2409:8778::/31,2409:880e::/34,2409:8978::/31,2409:8a78::/31,2409:8b78::/31,2409:8c78::/31,2409:8c85:aa78::/47,2409:8d78::/31,2409:8e78::/31,2409:8f78::/31"
92,"w6山东移动","2409:803c::/30,2409:8040::/30,2409:8087:3c00::/38,2409:8087:4000::/38,2409:8087:8000::/48,2409:8097:8000::/34,2409:813c::/30,2409:8140::/30,2409:823c::/30,2409:8240::/30,2409:833c::/30,2409:8340::/30,2409:843c::/30,2409:8440::/30,2409:853c::/30,2409:8540::/30,2409:863c::/30,2409:8640::/30,2409:873c::/30,2409:8740::/30,2409:8807:8000::/34,2409:8887:8000::/34,2409:893c::/30,2409:8940::/30,2409:8a3c::/30,2409:8a40::/30,2409:8b3c::/30,2409:8b40::/30,2409:8c3c::/30,2409:8c40::/30,2409:8c85:aa3c::/46,2409:8c85:aa40::/46,2409:8d3c::/30,2409:8d40::/30,2409:8e3c::/30,2409:8e40::/30,2409:8f3c::/30,2409:8f40::/30"
93,"w6山西移动","2409:800c::/30,2409:8087:c00::/38,2409:810c::/30,2409:820c::/30,2409:830c::/30,2409:840c::/30,2409:850c::/30,2409:860c::/30,2409:870c::/30,2409:8802::/34,2409:890c::/30,2409:8a0c::/30,2409:8b0c::/30,2409:8c0c::/30,2409:8c85:aa0c::/46,2409:8d0c::/30,2409:8e0c::/30,2409:8f0c::/30"
94,"w6陕西移动","2409:8070::/30,2409:8087:7000::/38,2409:8170::/30,2409:8270::/30,2409:8370::/30,2409:8470::/30,2409:8570::/30,2409:8670::/30,2409:8770::/30,2409:880d::/34,2409:8970::/30,2409:8a70::/30,2409:8b70::/30,2409:8c70::/30,2409:8c85:aa70::/46,2409:8d70::/30,2409:8e70::/30,2409:8f70::/30"
95,"w6上海移动","2409:801e::/31,2409:8084:8000::/34,2409:8087:1e00::/39,2409:8094:8000::/34,2409:80a4:8000::/34,2409:80c4:8000::/34,2409:811e::/31,2409:821e::/31,2409:831e::/31,2409:841e::/31,2409:851e::/31,2409:861e::/31,2409:871e::/31,2409:8804:8000::/34,2409:8884:8000::/34,2409:8894:8000::/34,2409:88a4:8000::/34,2409:88c4:8000::/34,2409:891e::/31,2409:8a1e::/31,2409:8b1e::/31,2409:8c1e::/31,2409:8c85:aa1e::/47,2409:8d1e::/31,2409:8e1e::/31,2409:8f1e::/31"
96,"w6四川移动","2409:8062::/31,2409:8064::/30,2409:8068::/31,2409:8087:6200::/39,2409:8087:6400::/38,2409:8087:6800::/39,2409:8162::/31,2409:8164::/30,2409:8168::/31,2409:8262::/31,2409:8264::/30,2409:8268::/31,2409:8362::/31,2409:8364::/30,2409:8368::/31,2409:8462::/31,2409:8464::/30,2409:8468::/31,2409:8562::/31,2409:8564::/30,2409:8568::/31,2409:8662::/31,2409:8664::/30,2409:8668::/31,2409:8762::/31,2409:8764::/30,2409:8768::/31,2409:880b:8000::/34,2409:8962::/31,2409:8964::/30,2409:8968::/31,2409:8a62::/31,2409:8a64::/30,2409:8a68::/31,2409:8b62::/31,2409:8b64::/30,2409:8b68::/31,2409:8c62::/31,2409:8c64::/30,2409:8c68::/31,2409:8c85:aa62::/47,2409:8c85:aa64::/46,2409:8c85:aa68::/47,2409:8d62::/31,2409:8d64::/30,2409:8d68::/31,2409:8e62::/31,2409:8e64::/30,2409:8e68::/31,2409:8f62::/31,2409:8f64::/30,2409:8f68::/31"
97,"w6天津移动","2409:8002::/31,2409:8087:200::/39,2409:8102::/31,2409:8202::/31,2409:8302::/31,2409:8402::/31,2409:8502::/31,2409:8602::/31,2409:8702::/31,2409:8801::/34,2409:8902::/31,2409:8a02::/31,2409:8b02::/31,2409:8c02::/31,2409:8c85:aa02::/47,2409:8d02::/31,2409:8e02::/31,2409:8f02::/31"
98,"w6未知省份移动","2001:e08::/32,2001:e80::/32,2409:8044::/30,2409:8048::/30,2409:8080::/35,2409:8080:2000::/36,2409:8080:3000::/48,2409:8080:3001:10::/60,2409:8080:3001:20::/59,2409:8080:3001:40::/58,2409:8080:3001:80::/57,2409:8080:3001:100::/56,2409:8080:3001:200::/55,2409:8080:3001:400::/54,2409:8080:3001:800::/53,2409:8080:3001:1000::/52,2409:8080:3001:2000::/51,2409:8080:3001:4000::/50,2409:8080:3001:8000::/49,2409:8080:3002::/47,2409:8080:3004::/46,2409:8080:3008::/45,2409:8080:3010::/44,2409:8080:3020::/43,2409:8080:3040::/42,2409:8080:3080::/41,2409:8080:3100::/40,2409:8080:3200::/39,2409:8080:3400::/38,2409:8080:3800:1::/64,2409:8080:3800:2::/63,2409:8080:3800:4::/62,2409:8080:3800:8::/61,2409:8080:3800:11::/64,2409:8080:3800:12::/63,2409:8080:3800:14::/62,2409:8080:3800:18::/61,2409:8080:3800:20::/59,2409:8080:3800:40::/58,2409:8080:3800:80::/57,2409:8080:3800:100::/56,2409:8080:3800:200::/55,2409:8080:3800:400::/54,2409:8080:3800:800::/53,2409:8080:3800:1000::/52,2409:8080:3800:2000::/51,2409:8080:3800:4000::/50,2409:8080:3800:8000::/49,2409:8080:3801::/48,2409:8080:3802::/47,2409:8080:3804::/46,2409:8080:3808::/45,2409:8080:3810::/44,2409:8080:3820::/43,2409:8080:3840::/42,2409:8080:3880::/41,2409:8080:3900::/40,2409:8080:3a00::/39,2409:8080:3c00::/38,2409:8080:4000::/34,2409:8080:8000::/33,2409:8081::/32,2409:8082::/31,2409:8084::/33,2409:8084:c000::/34,2409:8085:4000::/34,2409:8085:8000::/33,2409:8086::/32,2409:8087:8001::/48,2409:8087:8002::/47,2409:8087:8004::/46,2409:8087:8008::/45,2409:8087:8010::/44,2409:8087:8020::/43,2409:8087:8040::/42,2409:8087:8080::/41,2409:8087:8100::/40,2409:8087:8200::/39,2409:8087:8400::/38,2409:8087:8800::/37,2409:8087:9000::/36,2409:8087:a000::/35,2409:8087:c000::/34,2409:808a::/31,2409:808c::/30,2409:8090::/33,2409:8090:c000::/34,2409:8091::/32,2409:8092::/31,2409:8094::/33,2409:8094:c000::/34,2409:8095:4000::/34,2409:8095:c000::/34,2409:8096::/33,2409:8096:c000::/34,2409:8097:4000::/34,2409:8097:c000::/34,2409:8098:4000::/34,2409:8098:8000::/33,2409:8099:4000::/34,2409:8099:c000::/34,2409:809a::/31,2409:809c::/30,2409:80a0::/30,2409:80a4::/33,2409:80a4:c000::/34,2409:80a5::/32,2409:80a6::/31,2409:80a8::/29,2409:80b0::/28,2409:80c0::/30,2409:80c4::/33,2409:80c4:c000::/34,2409:80c5::/32,2409:80c6::/31,2409:80c8::/29,2409:80d0::/28,2409:80e0::/27,2409:8180::/25,2409:8280::/25,2409:8380::/25,2409:8480::/25,2409:8580::/25,2409:8680::/25,2409:8780::/25,2409:8800::/33,2409:8800:c000::/34,2409:8801:4000::/34,2409:8801:c000::/34,2409:8802:4000::/34,2409:8802:c000::/34,2409:8803:4000::/34,2409:8803:c000::/34,2409:8804:4000::/34,2409:8804:c000::/34,2409:8805:4000::/34,2409:8805:c000::/34,2409:8806:4000::/34,2409:8806:c000::/34,2409:8807:4000::/34,2409:8807:c000::/34,2409:8808:4000::/34,2409:8808:c000::/34,2409:8809:4000::/34,2409:8809:c000::/34,2409:880a:4000::/34,2409:880a:c000::/34,2409:880b:4000::/34,2409:880b:c000::/34,2409:880c:4000::/34,2409:880c:c000::/34,2409:880d:4000::/34,2409:880d:c000::/34,2409:880e:4000::/34,2409:880e:c000::/34,2409:880f:4000::/34,2409:880f:c000::/34,2409:8810::/28,2409:8820::/27,2409:8840::/26,2409:8880::/33,2409:8880:c000::/34,2409:8881::/32,2409:8882::/31,2409:8884::/33,2409:8884:c000::/34,2409:8885:4000::/34,2409:8885:c000::/34,2409:8886::/33,2409:8886:c000::/34,2409:8887:4000::/34,2409:8887:c000::/34,2409:8888:4000::/34,2409:8888:8000::/33,2409:8889:4000::/34,2409:8889:c000::/34,2409:888a::/31,2409:888c::/30,2409:8890::/33,2409:8890:c000::/34,2409:8891::/32,2409:8892::/31,2409:8894::/33,2409:8894:c000::/34,2409:8895::/33,2409:8895:c000::/34,2409:8896::/33,2409:8896:c000::/34,2409:8897::/32,2409:8898::/32,2409:8899:4000::/34,2409:8899:c000::/34,2409:889a::/31,2409:889c::/30,2409:88a0::/30,2409:88a4::/33,2409:88a4:c000::/34,2409:88a5::/32,2409:88a6::/31,2409:88a8:4000::/34,2409:88a8:8000::/33,2409:88a9::/32,2409:88aa::/31,2409:88ac::/30,2409:88b0::/28,2409:88c0::/30,2409:88c4::/33,2409:88c4:c000::/34,2409:88c5::/32,2409:88c6::/31,2409:88c8::/29,2409:88d0::/28,2409:88e0::/27,2409:8980::/25,2409:8a04:ac00::/38,2409:8a04:b000::/36,2409:8a04:c000::/35,2409:8a04:e300::/40,2409:8a04:e400::/38,2409:8a04:e800::/37,2409:8a04:f000::/37,2409:8a04:f800::/38,2409:8a04:fc00::/39,2409:8a04:fe00::/40,2409:8a04:ff00::/41,2409:8a04:ff80::/42,2409:8a04:ffc0::/43,2409:8a04:ffe0::/44,2409:8a04:fff0::/45,2409:8a04:fff8::/46,2409:8a04:fffc::/47,2409:8a04:fffe::/48,2409:8a04:ffff::/49,2409:8a04:ffff:8000::/50,2409:8a04:ffff:c000::/51,2409:8a04:ffff:e000::/52,2409:8a04:ffff:f000::/53,2409:8a04:ffff:f800::/54,2409:8a04:ffff:fc00::/55,2409:8a04:ffff:fe00::/56,2409:8a04:ffff:ff00::/57,2409:8a04:ffff:ff80::/58,2409:8a04:ffff:ffc0::/59,2409:8a04:ffff:ffe0::/60,2409:8a04:ffff:fff0::/61,2409:8a04:ffff:fff8::/62,2409:8a04:ffff:fffc::/63,2409:8a04:ffff:fffe::/64,2409:8a80::/25,2409:8b80::/25,2409:8c80::/30,2409:8c84::/32,2409:8c85:100::/40,2409:8c85:200::/39,2409:8c85:500::/40,2409:8c85:600::/39,2409:8c85:800::/37,2409:8c85:1000::/36,2409:8c85:2020::/43,2409:8c85:2040::/42,2409:8c85:2080::/41,2409:8c85:2100::/40,2409:8c85:2200::/39,2409:8c85:2400::/38,2409:8c85:2800::/37,2409:8c85:3000::/36,2409:8c85:4000::/34,2409:8c85:8000::/35,2409:8c85:a000::/37,2409:8c85:a800::/39,2409:8c85:aa80::/41,2409:8c85:ab00::/40,2409:8c85:ac00::/38,2409:8c85:b000::/36,2409:8c85:c000::/34,2409:8c86::/31,2409:8c88::/29,2409:8c90::/28,2409:8ca0::/27,2409:8cc0::/26,2409:8d80::/33,2409:8d80:8000::/34,2409:8d80:c000::/36,2409:8d80:e000::/35,2409:8d81::/32,2409:8d82::/31,2409:8d84::/30,2409:8d88::/29,2409:8d90::/28,2409:8da0::/27,2409:8dc0::/26,2409:8e80::/33,2409:8e80:8000::/34,2409:8e80:c000::/36,2409:8e80:e000::/35,2409:8e81::/32,2409:8e82::/31,2409:8e84::/30,2409:8e88::/29,2409:8e90::/28,2409:8ea0::/27,2409:8ec0::/26,2409:8f80::/25,240a:8000::/21"
99,"w6西藏移动","2409:807e::/31,2409:8087:7e00::/39,2409:817e::/31,2409:827e::/31,2409:837e::/31,2409:847e::/31,2409:857e::/31,2409:867e::/31,2409:877e::/31,2409:880f:8000::/34,2409:897e::/31,2409:8a7e::/31,2409:8b7e::/31,2409:8c7e::/31,2409:8c85:aa7e::/47,2409:8d7e::/31,2409:8e7e::/31,2409:8f7e::/31"
100,"w6香港移动","2401:3000::/32,2402:4f00::/40,2402:4f00:100:1::/64,2402:4f00:100:2::/63,2402:4f00:100:4::/62,2402:4f00:100:8::/61,2402:4f00:100:10::/60,2402:4f00:100:20::/59,2402:4f00:100:40::/58,2402:4f00:100:80::/57,2402:4f00:100:100::/56,2402:4f00:100:200::/55,2402:4f00:100:400::/54,2402:4f00:100:800::/53,2402:4f00:100:1000::/52,2402:4f00:100:2000::/51,2402:4f00:100:4000::/50,2402:4f00:100:8000::/49,2402:4f00:101::/48,2402:4f00:102::/47,2402:4f00:104::/46,2402:4f00:108::/45,2402:4f00:110::/44,2402:4f00:120::/43,2402:4f00:140::/42,2402:4f00:180::/41,2402:4f00:200::/39,2402:4f00:400::/38,2402:4f00:800::/37,2402:4f00:1000::/36,2402:4f00:2000::/35,2402:4f00:4000::/34,2402:4f00:8000::/33"
101,"w6新疆移动","2409:807c::/31,2409:8087:7c00::/39,2409:817c::/31,2409:827c::/31,2409:837c::/31,2409:847c::/31,2409:857c::/31,2409:867c::/31,2409:877c::/31,2409:880f::/34,2409:897c::/31,2409:8a7c::/31,2409:8b7c::/31,2409:8c7c::/31,2409:8c85:aa7c::/47,2409:8d7c::/31,2409:8e7c::/31,2409:8f7c::/31"
102,"w6云南移动","2409:806c::/30,2409:8087:6c00::/38,2409:816c::/30,2409:826c::/30,2409:836c::/30,2409:846c::/30,2409:856c::/30,2409:866c::/30,2409:876c::/30,2409:880c:8000::/34,2409:896c::/30,2409:8a6c::/30,2409:8b6c::/30,2409:8c6c::/30,2409:8c85:aa6c::/46,2409:8d6c::/30,2409:8e6c::/30,2409:8f6c::/30"
103,"w6浙江移动","2409:8028::/29,2409:8087:2800::/37,2409:8095:8000::/34,2409:8128::/29,2409:8228::/29,2409:8328::/29,2409:8428::/29,2409:8528::/29,2409:8628::/29,2409:8728::/29,2409:8805:8000::/34,2409:8885:8000::/34,2409:8895:8000::/34,2409:8928::/29,2409:8a28::/29,2409:8b28::/29,2409:8c28::/29,2409:8c85:aa28::/45,2409:8d28::/29,2409:8e28::/29,2409:8f28::/29"
104,"w6重庆移动","2409:8060::/31,2409:8087:6000::/39,2409:8160::/31,2409:8260::/31,2409:8360::/31,2409:8460::/31,2409:8560::/31,2409:8660::/31,2409:8760::/31,2409:880b::/34,2409:8960::/31,2409:8a60::/31,2409:8b60::/31,2409:8c60::/31,2409:8c85:aa60::/47,2409:8d60::/31,2409:8d80:d000::/36,2409:8e60::/31,2409:8e80:d000::/36,2409:8f60::/31"
105,"w6安徽鹏博士","2403:8380::/32,2403:8480::/32,2407:f080::/32"
106,"w6北京鹏博士","2403:8080::/32,2403:f800::/32"
107,"w6福建鹏博士","2403:9c80::/32,2403:dd80::/32,2403:eb80::/32,2407:fd80::/32"
108,"w6甘肃鹏博士","2407:e280::/32"
109,"w6广东鹏博士","2403:7e80::/32,2403:7f80::/32,2403:8980::/32,2403:8a80::/32,2403:9080::/32,2403:9f80::/32,2403:da80::/32,2403:df80::/32,2404:1cc0::/32,2407:fb80::/32"
110,"w6广西鹏博士","2403:9480::/32,2403:de80::/32,2403:e880::/32,2407:ce80::/32,2407:cf80::/32"
111,"w6贵州鹏博士","2403:8b80::/32,2407:e380::/32"
112,"w6河北鹏博士","2403:8580::/32,2403:8d80::/32,2407:d980::/32,2407:e480::/32,2407:ee80::/32,2407:f580::/32,2407:fc80::/32"
113,"w6河南鹏博士","2403:a680::/32,2403:e980::/32,2407:d780::/32,2407:de80::/32,2407:e680::/32,2407:f380::/32,2407:f780::/32,2407:f980::/32"
114,"w6黑龙江鹏博士","2403:8c80::/32,2407:ed80::/32"
115,"w6湖北鹏博士","2403:9880::/32,2403:9e80::/32,2403:b480::/32,2403:dc80::/32,2403:e180::/32,2403:e280::/32,2403:e780::/32,2403:f180::/32,2407:e180::/32"
116,"w6湖南鹏博士","2403:aa80::/32,2403:db80::/32,2403:e080::/32,2403:f280::/32,2407:f480::/32"
117,"w6吉林鹏博士","2403:e480::/32,2403:e580::/32"
118,"w6江苏鹏博士","2403:7d80::/32,2403:9180::/32,2403:9780::/32,2403:a580::/32,2403:ea80::/32,2403:f380::/32,2407:f880::/32"
119,"w6江西鹏博士","2403:9380::/32"
120,"w6辽宁鹏博士","2403:8180::/32,2403:9580::/32,2403:9b80::/32,2403:b980::/32,2403:cf80::/32,2403:d280::/32,2403:d380::/32,2407:fa80::/32"
121,"w6内蒙古鹏博士","2407:df80::/32"
122,"w6山东鹏博士","2403:a880::/32,2403:a980::/32,2403:d480::/32,2403:d580::/32,2403:d680::/32,2403:ec80::/32,2403:ee80::/32,2403:ef80::/32,2407:e080::/32,2407:e580::/32,2407:e780::/32"
123,"w6山西鹏博士","2403:9680::/32,2407:f280::/32"
124,"w6陕西鹏博士","2403:9a80::/32,2403:d980::/32,2403:f080::/32,2407:f180::/32"
125,"w6上海鹏博士","2403:9d80::/32,2403:b580::/32,2407:d880::/32"
126,"w6四川鹏博士","2403:d780::/32,2403:fb80::/32,2403:fe80::/32,2403:ff80::/32"
127,"w6云南鹏博士","2403:9280::/32,2407:da80::/32"
128,"w6浙江鹏博士","2403:8280::/32,2403:a480::/32,2403:e680::/32,2403:ed80::/32,2407:f680::/32"
129,"w6重庆鹏博士","2403:a780::/32,2403:ab80::/32,2403:b080::/32"
